antecedents,consequents,antecedent support,consequent support,support,confidence,lift,representativity,leverage,conviction,zhangs_metric,jaccard,certainty,kulczynski
SWEETHEART CERAMIC TRINKET BOX,STRAWBERRY CERAMIC TRINKET BOX,0.042054858689429035,0.06948420340394525,0.03237391349607037,0.7698019801980197,11.07880557718693,1.0,0.029451765140769907,4.04224066478286,0.9496760544064374,0.4089414858645628,0.7526124536046847,0.6178597915971372
RED HANGING HEART T-LIGHT HOLDER,WHITE HANGING HEART T-LIGHT HOLDER,0.051735803882787694,0.15723728725342218,0.03757872273981159,0.7263581488933603,4.619503182617719,1.0,0.029443925283406988,3.079801972316539,0.8262744792163184,0.21925296082599452,0.6753037990790596,0.4826759297925921
